studyId,pmid,pmcid,doi,status,errmsg
all_stjude_2015,25730765,PMC4553269,10.1038/ng.3230,ok,
acyc_fmi_2014,24418857,PMC11834963,,error;elink,Identifier not found in PMC
acyc_mgh_2016,26829750,PMC4767593,10.1038/ng.3502,ok,
appendiceal_msk_2022,36493333,PMC10043565,10.1200/JCO.22.01392,ok,
blca_plasmacytoid_mskcc_2016,26901067,PMC4827439,10.1038/ng.3503,ok,
blca_mskcc_solit_2014,25092538,PMC4312739,10.1016/j.eururo.2014.06.050,ok,
blca_nmibc_2017,28583311,PMC6007852,10.1016/j.eururo.2017.05.032,ok,
brca_mapk_hp_msk_2021,34795269,PMC8602441,10.1038/s41467-021-27093-y,ok,
bowel_colitis_msk_2022,36611031,PMC9825391,10.1038/s41467-022-35592-9,ok,
bladder_columbia_msk_2018,29625057,PMC5890941,10.1016/j.cell.2018.03.017,ok,
bladder_msk_2023,37682528,PMC11233068,10.1158/1078-0432.CCR-23-1283,ok,
bm_nsclc_mskcc_2023,37591896,PMC10435547,10.1038/s41467-023-40793-x,ok,
cfdna_msk_2019,31768066,PMC7061455,10.1038/s41591-019-0652-7,ok,
ccrcc_dfci_2019,29301960,PMC6035749,10.1126/science.aan5951,ok,
cervix_msk_2023,37643132,PMC10644000,10.1158/1078-0432.CCR-23-1078,ok,
chol_jhu_2013,24185509,PMC4013720,10.1038/ng.2813,ok,
chol_nccs_2013,24185513,PMC12468851,,error;elink,Identifier not found in PMC
chol_nus_2012,22561520,PMC12468851,,error;elink,Identifier not found in PMC
coadread_mskcc,25164765,PMC4189196,10.1186/s13059-014-0454-7,ok,
cllsll_icgc_2011,22158541,PMC12541443,,error;elink,Identifier not found in PMC
coad_caseccc_2015,25583493,PMC4313860,10.1073/pnas.1417064112,ok,
chol_msk_2018,29848569,PMC6642361,10.1158/1078-0432.CCR-18-0078,ok,
chol_icgc_2017,28667006,PMC5628134,10.1158/2159-8290.CD-17-0368,ok,
coadread_mskresistance_2022,36355783,PMC9827113,10.1158/2159-8290.CD-22-0405,ok,
cscc_dfarber_2015,25589618,PMC4359951,10.1158/1078-0432.CCR-14-1773,ok,
ctcl_columbia_2015,26551667,PMC4878831,10.1038/ng.3442,ok,
crc_eo_2020,34405229,PMC8634406,10.1093/jnci/djab124,ok,
crc_apc_impact_2020,32730818,PMC7680360,10.1053/j.gastro.2020.07.041,ok,
crc_nigerian_2020,34819518,PMC8613248,10.1038/s41467-021-27106-w,ok,
crc_dd_2022,35235413,PMC8906458,10.1200/PO.21.00365,ok,
difg_msk_2023,37910594,PMC10841595,10.1158/1078-0432.CCR-23-1180,ok,
escc_ucla_2014,24686850,PMC4070589,10.1038/ng.2935,ok,
hcc_msk_venturaa_2018,30052636,PMC6063411,10.1371/journal.pone.0200776,ok,
gct_msk_2020,32897884,PMC7685753,10.1172/JCI139682,ok,
egc_msk_tp53_ccr_2022,35377946,PMC9197876,10.1158/1078-0432.CCR-21-4016,ok,
gbc_mskcc_2022,36228155,PMC9772093,10.1158/1078-0432.CCR-22-1954,ok,
gist_msk_2022,36593350,PMC9807588,10.1038/s41698-022-00342-z,ok,
egc_msk_2023,37699004,PMC10852615,10.1093/jnci/djad186,ok,
hcc_jcopo_msk_2023,37769223,PMC10581608,10.1200/PO.23.00272,ok,
histiocytosis_cobi_msk_2019,30867592,PMC6438729,10.1038/s41586-019-1012-y,ok,
ihch_ismms_2015,25608663,PMC12463604,,error;elink,Identifier not found in PMC
lgsoc_mapk_msk_2022,35443055,PMC9582036,10.1158/1078-0432.CCR-21-4183,ok,
luad_tsp,18948947,PMC2694412,10.1038/nature07423,ok,
lymphoma_cellline_msk_2020,33067607,PMC8057264,10.1182/blood.2020008017,ok,
lung_msk_mind_2020,36038778,PMC9586871,10.1038/s43018-022-00416-8,ok,
mbc_msk_2021,33863915,PMC8052452,10.1038/s41523-021-00250-8,ok,
mnm_washu_2016,27959731,PMC5217532,10.1056/NEJMoa1605949,ok,
metastatic_solid_tumors_mich_2017,28783718,PMC5995337,10.1038/nature23306,ok,
mixed_kunga_msk_2022,35585047,PMC9117241,10.1038/s41467-022-30233-7,ok,
msk_ch_ped_2021,35078859,PMC9983778,10.1158/1078-0432.CCR-21-2451,ok,
mtnn_msk_2022,37078708,PMC10480533,10.1182/bloodadvances.2023009953,ok,
msk_ch_2023,38147626,PMC10875331,10.1182/bloodadvances.2023011262,ok,
nsclc_unito_2016,27346245,PMC12433863,,error;elink,Identifier not found in PMC
nsclc_ctdx_msk_2022,36357680,PMC10338177,10.1038/s41591-022-02047-z,ok,
pediatric_dkfz_2017,29489754,PMC12541558,,error;elink,Identifier not found in PMC
paired_bladder_2022,36543146,PMC9882421,10.1016/j.celrep.2022.111859,ok,
scco_mskcc,24658004,PMC5699446,10.1038/ng.2922,ok,
sarc_mskcc,20601955,PMC2911503,10.1038/ng.619,ok,
rectal_msk_2019,31591597,PMC7385919,10.1038/s41591-019-0584-2,ok,
rbl_cfdna_msk_2020,32633890,PMC7476838,10.1002/cam4.3144,ok,
rbl_mskcc_2020,33466343,PMC7796332,10.3390/cancers13010149,ok,
rms_msk_2023,37315267,PMC10309566,10.1200/PO.22.00705,ok,
sarcoma_msk_2023,37350195,PMC10756077,10.1002/path.6137,ok,
skcm_vanderbilt_mskcc_2015,32913971,PMC7446400,10.1200/PO.16.00054,ok,
soft_tissue_msk_2023,37730754,PMC10511463,10.1038/s41698-023-00445-1,ok,
ucec_ccr_msk_2022,35849120,PMC9529954,10.1158/1078-0432.CCR-22-0713,ok,
ucec_ancestry_cds_msk_2023,37651310,PMC11149479,10.1158/2159-8290.CD-23-0546,ok,
ucec_msk_2024,38653864,PMC11108776,10.1038/s41591-024-02942-7,ok,
urcc_mskcc_2016,27713405,PMC5059781,10.1038/ncomms13131,ok,
utuc_mskcc_2015,26278805,PMC4675454,10.1016/j.eururo.2015.07.039,ok,
utuc_msk_2019,32332851,PMC7181640,10.1038/s41467-020-15885-7,ok,
utuc_pdx_msk_2019,32332851,PMC7181640,10.1038/s41467-020-15885-7,ok,
plmeso_msk_2024,38630790,PMC11216861,10.1158/1078-0432.CCR-24-0085,ok,
pancreas_msk_2024,39214094,PMC11419252,10.1016/j.ccell.2024.08.002,ok,
lms_msk_2024,38488807,PMC11096044,10.1158/1078-0432.CCR-24-0148,ok,
prostate_msk_2024,38949888,PMC11371520,10.1158/1078-0432.CCR-23-3403,ok,
panet_msk_2018,30687805,PMC6345401,10.1200/PO.17.00267,ok,
makeanimpact_ccr_2023,36862133,PMC10330105,10.1158/1078-0432.CCR-22-3247,ok,
acbc_mskcc_2015,26095796,PMC4676955,10.1002/path.4573,ok,
blca_tcga_pan_can_atlas_2018,29625048,PMC5957518,10.1016/j.cell.2018.03.022,ok,
blca_tcga_pan_can_atlas_2018,29596782,PMC6075717,10.1016/j.cels.2018.03.002,ok,
blca_tcga_pan_can_atlas_2018,29622463,PMC6028190,10.1016/j.ccell.2018.03.007,ok,
blca_tcga_pan_can_atlas_2018,29617662,PMC5916809,10.1016/j.celrep.2018.03.050,ok,
blca_tcga_pan_can_atlas_2018,29625055,PMC6066282,10.1016/j.cell.2018.02.052,ok,
blca_tcga_pan_can_atlas_2018,29625050,PMC6070353,10.1016/j.cell.2018.03.035,ok,
blca_tcga_pan_can_atlas_2018,29617662,PMC5916809,10.1016/j.celrep.2018.03.050,ok,
blca_tcga_pan_can_atlas_2018,32214244,PMC7500457,10.1038/s41586-020-2095-1,ok,
blca_tcga_pan_can_atlas_2018,29625049,PMC5916814,10.1016/j.cell.2018.03.033,ok,
blca_tcga_pan_can_atlas_2018,29850653,PMC5972025,10.1200/PO.17.00073,ok,
blca_tcga_pan_can_atlas_2018,36334560,PMC12390932,,error;elink,Identifier not found in PMC
acc_2019,31483290,PMC6763222,10.1172/JCI128227,ok,
blca_msk_tcga_2020,30290956,PMC6339572,10.1016/j.eururo.2018.09.002,ok,
pcnsl_msk_2024,38995739,PMC11398981,10.1158/1078-0432.CCR-24-0605,ok,
msk_ctdna_vte_2024,39147831,PMC11405286,10.1038/s41591-024-03195-0,ok,
cellline_ccle_broad,22460905,PMC3320027,10.1038/nature11003,ok,
ccrcc_irc_2014,24487277,PMC4636053,10.1038/ng.2891,ok,
ccrcc_utokyo_2013,23797736,PMC12533196,,error;elink,Identifier not found in PMC
coadread_genentech,22895193,PMC3690621,10.1038/nature11282,ok,
cellline_nci60,22802077,PMC3399763,10.1158/0008-5472.CAN-12-1370,ok,
cll_iuopa_2015,26200345,PMC12487679,,error;elink,Identifier not found in PMC
brca_metabric,27161491,PMC4866047,10.1038/ncomms11479,ok,
brca_metabric,30867590,PMC6647838,10.1038/s41586-019-1007-8,ok,
brca_metabric,22522925,PMC3440846,10.1038/nature10983,ok,
coadread_dfci_2016,27149842,PMC4850357,10.1016/j.celrep.2016.03.075,ok,
cll_broad_2015,26466571,PMC4815041,10.1038/nature15395,ok,
brca_tcga_pan_can_atlas_2018,29625048,PMC5957518,10.1016/j.cell.2018.03.022,ok,
brca_tcga_pan_can_atlas_2018,29596782,PMC6075717,10.1016/j.cels.2018.03.002,ok,
brca_tcga_pan_can_atlas_2018,29622463,PMC6028190,10.1016/j.ccell.2018.03.007,ok,
brca_tcga_pan_can_atlas_2018,29617662,PMC5916809,10.1016/j.celrep.2018.03.050,ok,
brca_tcga_pan_can_atlas_2018,29625055,PMC6066282,10.1016/j.cell.2018.02.052,ok,
brca_tcga_pan_can_atlas_2018,29625050,PMC6070353,10.1016/j.cell.2018.03.035,ok,
brca_tcga_pan_can_atlas_2018,29617662,PMC5916809,10.1016/j.celrep.2018.03.050,ok,
brca_tcga_pan_can_atlas_2018,30643250,PMC12521747,,error;elink,Identifier not found in PMC
brca_tcga_pan_can_atlas_2018,32214244,PMC7500457,10.1038/s41586-020-2095-1,ok,
brca_tcga_pan_can_atlas_2018,29625049,PMC5916814,10.1016/j.cell.2018.03.033,ok,
brca_tcga_pan_can_atlas_2018,29850653,PMC5972025,10.1200/PO.17.00073,ok,
brca_tcga_pan_can_atlas_2018,36334560,PMC12390932,,error;elink,Identifier not found in PMC
cesc_tcga_pan_can_atlas_2018,29625048,PMC5957518,10.1016/j.cell.2018.03.022,ok,
cesc_tcga_pan_can_atlas_2018,29596782,PMC6075717,10.1016/j.cels.2018.03.002,ok,
cesc_tcga_pan_can_atlas_2018,29622463,PMC6028190,10.1016/j.ccell.2018.03.007,ok,
cesc_tcga_pan_can_atlas_2018,29617662,PMC5916809,10.1016/j.celrep.2018.03.050,ok,
cesc_tcga_pan_can_atlas_2018,29625055,PMC6066282,10.1016/j.cell.2018.02.052,ok,
cesc_tcga_pan_can_atlas_2018,29625050,PMC6070353,10.1016/j.cell.2018.03.035,ok,
cesc_tcga_pan_can_atlas_2018,29617662,PMC5916809,10.1016/j.celrep.2018.03.050,ok,
cesc_tcga_pan_can_atlas_2018,30643250,PMC12521747,,error;elink,Identifier not found in PMC
cesc_tcga_pan_can_atlas_2018,32214244,PMC7500457,10.1038/s41586-020-2095-1,ok,
cesc_tcga_pan_can_atlas_2018,29625049,PMC5916814,10.1016/j.cell.2018.03.033,ok,
cesc_tcga_pan_can_atlas_2018,29850653,PMC5972025,10.1200/PO.17.00073,ok,
cesc_tcga_pan_can_atlas_2018,36334560,PMC12390932,,error;elink,Identifier not found in PMC
chol_tcga_pan_can_atlas_2018,29625048,PMC5957518,10.1016/j.cell.2018.03.022,ok,
chol_tcga_pan_can_atlas_2018,29596782,PMC6075717,10.1016/j.cels.2018.03.002,ok,
chol_tcga_pan_can_atlas_2018,29622463,PMC6028190,10.1016/j.ccell.2018.03.007,ok,
chol_tcga_pan_can_atlas_2018,29617662,PMC5916809,10.1016/j.celrep.2018.03.050,ok,
chol_tcga_pan_can_atlas_2018,29625055,PMC6066282,10.1016/j.cell.2018.02.052,ok,
chol_tcga_pan_can_atlas_2018,29625050,PMC6070353,10.1016/j.cell.2018.03.035,ok,
chol_tcga_pan_can_atlas_2018,29617662,PMC5916809,10.1016/j.celrep.2018.03.050,ok,
chol_tcga_pan_can_atlas_2018,32214244,PMC7500457,10.1038/s41586-020-2095-1,ok,
chol_tcga_pan_can_atlas_2018,29625049,PMC5916814,10.1016/j.cell.2018.03.033,ok,
chol_tcga_pan_can_atlas_2018,29850653,PMC5972025,10.1200/PO.17.00073,ok,
chol_tcga_pan_can_atlas_2018,36334560,PMC12390932,,error;elink,Identifier not found in PMC
ccle_broad_2019,31068700,PMC6697103,10.1038/s41586-019-1186-3,ok,
ccle_broad_2019,31978347,PMC7339254,10.1016/j.cell.2019.12.023,ok,
coad_cptac_2019,31031003,PMC6768830,10.1016/j.cell.2019.03.030,ok,
coadread_cass_2020,32888432,PMC12545938,,error;elink,Identifier not found in PMC
cll_broad_2022,35927489,PMC10084830,10.1038/s41588-022-01140-w,ok,
coadread_tcga_pub,22810696,PMC3401966,10.1038/nature11252,ok,
desm_broad_2015,26343386,PMC4589486,10.1038/ng.3382,ok,
dlbc_broad_2012,22343534,PMC3309757,10.1073/pnas.1121343109,ok,
cscc_hgsc_bcm_2014,25303977,PMC4367811,10.1158/1078-0432.CCR-14-1768,ok,
coadread_tcga_pan_can_atlas_2018,29625048,PMC5957518,10.1016/j.cell.2018.03.022,ok,
coadread_tcga_pan_can_atlas_2018,29596782,PMC6075717,10.1016/j.cels.2018.03.002,ok,
coadread_tcga_pan_can_atlas_2018,29622463,PMC6028190,10.1016/j.ccell.2018.03.007,ok,
coadread_tcga_pan_can_atlas_2018,29617662,PMC5916809,10.1016/j.celrep.2018.03.050,ok,
coadread_tcga_pan_can_atlas_2018,29625055,PMC6066282,10.1016/j.cell.2018.02.052,ok,
coadread_tcga_pan_can_atlas_2018,29625050,PMC6070353,10.1016/j.cell.2018.03.035,ok,
coadread_tcga_pan_can_atlas_2018,29617662,PMC5916809,10.1016/j.celrep.2018.03.050,ok,
coadread_tcga_pan_can_atlas_2018,30643250,PMC12521747,,error;elink,Identifier not found in PMC
coadread_tcga_pan_can_atlas_2018,32214244,PMC7500457,10.1038/s41586-020-2095-1,ok,
coadread_tcga_pan_can_atlas_2018,29625049,PMC5916814,10.1016/j.cell.2018.03.033,ok,
coadread_tcga_pan_can_atlas_2018,29850653,PMC5972025,10.1200/PO.17.00073,ok,
coadread_tcga_pan_can_atlas_2018,36334560,PMC12390932,,error;elink,Identifier not found in PMC
dlbc_tcga_pan_can_atlas_2018,29625048,PMC5957518,10.1016/j.cell.2018.03.022,ok,
dlbc_tcga_pan_can_atlas_2018,29596782,PMC6075717,10.1016/j.cels.2018.03.002,ok,
dlbc_tcga_pan_can_atlas_2018,29622463,PMC6028190,10.1016/j.ccell.2018.03.007,ok,
dlbc_tcga_pan_can_atlas_2018,29617662,PMC5916809,10.1016/j.celrep.2018.03.050,ok,
dlbc_tcga_pan_can_atlas_2018,29625055,PMC6066282,10.1016/j.cell.2018.02.052,ok,
dlbc_tcga_pan_can_atlas_2018,29625050,PMC6070353,10.1016/j.cell.2018.03.035,ok,
dlbc_tcga_pan_can_atlas_2018,29617662,PMC5916809,10.1016/j.celrep.2018.03.050,ok,
dlbc_tcga_pan_can_atlas_2018,32214244,PMC7500457,10.1038/s41586-020-2095-1,ok,
dlbc_tcga_pan_can_atlas_2018,29625049,PMC5916814,10.1016/j.cell.2018.03.033,ok,
dlbc_tcga_pan_can_atlas_2018,29850653,PMC5972025,10.1200/PO.17.00073,ok,
dlbc_tcga_pan_can_atlas_2018,36334560,PMC12390932,,error;elink,Identifier not found in PMC
difg_glass_2019,31748746,PMC6897368,10.1038/s41586-019-1775-1,ok,
cscc_ucsf_2021,34272401,PMC8285521,10.1038/s41525-021-00226-4,ok,
cscc_ranson_2022,35982973,PMC9379253,10.3389/fonc.2022.919118,ok,
difg_glass,35649412,PMC9189056,10.1016/j.cell.2022.04.038,ok,
difg_glass,38117484,PMC10911804,10.1158/0008-5472.CAN-23-2093,ok,
es_dfarber_broad_2014,25186949,PMC12552549,,error;elink,Identifier not found in PMC
esca_tcga_pan_can_atlas_2018,29625048,PMC5957518,10.1016/j.cell.2018.03.022,ok,
esca_tcga_pan_can_atlas_2018,29596782,PMC6075717,10.1016/j.cels.2018.03.002,ok,
esca_tcga_pan_can_atlas_2018,29622463,PMC6028190,10.1016/j.ccell.2018.03.007,ok,
esca_tcga_pan_can_atlas_2018,29617662,PMC5916809,10.1016/j.celrep.2018.03.050,ok,
esca_tcga_pan_can_atlas_2018,29625055,PMC6066282,10.1016/j.cell.2018.02.052,ok,
esca_tcga_pan_can_atlas_2018,29625050,PMC6070353,10.1016/j.cell.2018.03.035,ok,
esca_tcga_pan_can_atlas_2018,29617662,PMC5916809,10.1016/j.celrep.2018.03.050,ok,
esca_tcga_pan_can_atlas_2018,32214244,PMC7500457,10.1038/s41586-020-2095-1,ok,
esca_tcga_pan_can_atlas_2018,29625049,PMC5916814,10.1016/j.cell.2018.03.033,ok,
esca_tcga_pan_can_atlas_2018,29850653,PMC5972025,10.1200/PO.17.00073,ok,
esca_tcga_pan_can_atlas_2018,36334560,PMC12390932,,error;elink,Identifier not found in PMC
gist_msk_2023,37477937,PMC11095631,10.1158/1078-0432.CCR-23-1184,ok,
kirc_tcga_pub,23792563,PMC3771322,10.1038/nature12222,ok,
hcc_msk_2024,38864854,PMC11326964,10.1158/1078-0432.CCR-24-0657,ok,
laml_tcga_pub,23634996,PMC3767041,10.1056/NEJMoa1301689,ok,
luad_mskcc_2023_met_organotropism,37084736,PMC10391526,10.1016/j.ccell.2023.03.018,ok,
mbl_sickkids_2016,26760213,PMC4936195,10.1038/nature16478,ok,
mixed_pipseq_2017,28007021,PMC5180407,10.1186/s13073-016-0389-6,ok,
mds_mskcc_2020,27276561,PMC4979995,10.1056/NEJMoa1516192,ok,
mds_mskcc_2020,30333627,PMC6280667,10.1038/s41586-018-0623-z,ok,
mds_mskcc_2020,24030381,PMC3837510,10.1182/blood-2013-08-518886,ok,
mixed_msk_tcga_2021,34635660,PMC8505423,10.1038/s41523-021-00339-0,ok,
nhl_bcgsc_2011,21796119,PMC3210554,10.1038/nature10351,ok,
nhl_bcgsc_2013,23699601,PMC3744992,10.1182/blood-2013-02-483727,ok,
prad_broad_2013,23622249,PMC3690918,10.1016/j.cell.2013.03.021,ok,
prad_mskcc,20579941,PMC3198787,10.1016/j.ccr.2010.05.026,ok,
prad_tcga_pub,26544944,PMC4695400,10.1016/j.cell.2015.10.025,ok,
pcpg_tcga_pub,28162975,PMC5643159,10.1016/j.ccell.2017.01.001,ok,
pptc_2019,31693904,PMC6880934,10.1016/j.celrep.2019.09.071,ok,
prad_cdk12_mskcc_2020,32317181,PMC7572747,10.1016/j.eururo.2020.03.024,ok,
prad_pik3r1_msk_2021,35670774,PMC9438279,10.1158/1078-0432.CCR-21-4272,ok,
pog570_bcgsc_2020,35121966,PMC12504664,,error;elink,Identifier not found in PMC
prad_organoids_msk_2022,35617398,PMC9299269,10.1126/science.abe1505,ok,
ptad_msk_2024,38758238,PMC11101347,10.1007/s00401-024-02736-8,ok,
prad_msk_mdanderson_2023,38488813,PMC11094415,10.1158/1078-0432.CCR-23-2438,ok,
stad_tcga_pub,25079317,PMC4170219,10.1038/nature13480,ok,
rectal_msk_2022,35970919,PMC9801308,10.1038/s41591-022-01930-z,ok,
sarcoma_msk_2022,35705558,PMC9200814,10.1038/s41467-022-30496-0,ok,
hnsc_tcga_pan_can_atlas_2018,29625048,PMC5957518,10.1016/j.cell.2018.03.022,ok,
hnsc_tcga_pan_can_atlas_2018,29596782,PMC6075717,10.1016/j.cels.2018.03.002,ok,
hnsc_tcga_pan_can_atlas_2018,29622463,PMC6028190,10.1016/j.ccell.2018.03.007,ok,
hnsc_tcga_pan_can_atlas_2018,29617662,PMC5916809,10.1016/j.celrep.2018.03.050,ok,
hnsc_tcga_pan_can_atlas_2018,29625055,PMC6066282,10.1016/j.cell.2018.02.052,ok,
hnsc_tcga_pan_can_atlas_2018,29625050,PMC6070353,10.1016/j.cell.2018.03.035,ok,
hnsc_tcga_pan_can_atlas_2018,29617662,PMC5916809,10.1016/j.celrep.2018.03.050,ok,
hnsc_tcga_pan_can_atlas_2018,30643250,PMC12521747,,error;elink,Identifier not found in PMC
hnsc_tcga_pan_can_atlas_2018,32214244,PMC7500457,10.1038/s41586-020-2095-1,ok,
hnsc_tcga_pan_can_atlas_2018,29625049,PMC5916814,10.1016/j.cell.2018.03.033,ok,
hnsc_tcga_pan_can_atlas_2018,29850653,PMC5972025,10.1200/PO.17.00073,ok,
hnsc_tcga_pan_can_atlas_2018,36334560,PMC12390932,,error;elink,Identifier not found in PMC
kich_tcga_pan_can_atlas_2018,29625048,PMC5957518,10.1016/j.cell.2018.03.022,ok,
kich_tcga_pan_can_atlas_2018,29596782,PMC6075717,10.1016/j.cels.2018.03.002,ok,
kich_tcga_pan_can_atlas_2018,29622463,PMC6028190,10.1016/j.ccell.2018.03.007,ok,
kich_tcga_pan_can_atlas_2018,29617662,PMC5916809,10.1016/j.celrep.2018.03.050,ok,
kich_tcga_pan_can_atlas_2018,29625055,PMC6066282,10.1016/j.cell.2018.02.052,ok,
kich_tcga_pan_can_atlas_2018,29625050,PMC6070353,10.1016/j.cell.2018.03.035,ok,
kich_tcga_pan_can_atlas_2018,29617662,PMC5916809,10.1016/j.celrep.2018.03.050,ok,
kich_tcga_pan_can_atlas_2018,32214244,PMC7500457,10.1038/s41586-020-2095-1,ok,
kich_tcga_pan_can_atlas_2018,29625049,PMC5916814,10.1016/j.cell.2018.03.033,ok,
kich_tcga_pan_can_atlas_2018,29850653,PMC5972025,10.1200/PO.17.00073,ok,
kich_tcga_pan_can_atlas_2018,36334560,PMC12390932,,error;elink,Identifier not found in PMC
kirc_tcga_pan_can_atlas_2018,29625048,PMC5957518,10.1016/j.cell.2018.03.022,ok,
kirc_tcga_pan_can_atlas_2018,29596782,PMC6075717,10.1016/j.cels.2018.03.002,ok,
kirc_tcga_pan_can_atlas_2018,29622463,PMC6028190,10.1016/j.ccell.2018.03.007,ok,
kirc_tcga_pan_can_atlas_2018,29617662,PMC5916809,10.1016/j.celrep.2018.03.050,ok,
kirc_tcga_pan_can_atlas_2018,29625055,PMC6066282,10.1016/j.cell.2018.02.052,ok,
kirc_tcga_pan_can_atlas_2018,29625050,PMC6070353,10.1016/j.cell.2018.03.035,ok,
kirc_tcga_pan_can_atlas_2018,29617662,PMC5916809,10.1016/j.celrep.2018.03.050,ok,
kirc_tcga_pan_can_atlas_2018,30643250,PMC12521747,,error;elink,Identifier not found in PMC
kirc_tcga_pan_can_atlas_2018,32214244,PMC7500457,10.1038/s41586-020-2095-1,ok,
kirc_tcga_pan_can_atlas_2018,29625049,PMC5916814,10.1016/j.cell.2018.03.033,ok,
kirc_tcga_pan_can_atlas_2018,29850653,PMC5972025,10.1200/PO.17.00073,ok,
kirc_tcga_pan_can_atlas_2018,36334560,PMC12390932,,error;elink,Identifier not found in PMC
kirp_tcga_pan_can_atlas_2018,29625048,PMC5957518,10.1016/j.cell.2018.03.022,ok,
kirp_tcga_pan_can_atlas_2018,29596782,PMC6075717,10.1016/j.cels.2018.03.002,ok,
kirp_tcga_pan_can_atlas_2018,29622463,PMC6028190,10.1016/j.ccell.2018.03.007,ok,
kirp_tcga_pan_can_atlas_2018,29617662,PMC5916809,10.1016/j.celrep.2018.03.050,ok,
kirp_tcga_pan_can_atlas_2018,29625055,PMC6066282,10.1016/j.cell.2018.02.052,ok,
kirp_tcga_pan_can_atlas_2018,29625050,PMC6070353,10.1016/j.cell.2018.03.035,ok,
kirp_tcga_pan_can_atlas_2018,29617662,PMC5916809,10.1016/j.celrep.2018.03.050,ok,
kirp_tcga_pan_can_atlas_2018,30643250,PMC12521747,,error;elink,Identifier not found in PMC
kirp_tcga_pan_can_atlas_2018,32214244,PMC7500457,10.1038/s41586-020-2095-1,ok,
kirp_tcga_pan_can_atlas_2018,29625049,PMC5916814,10.1016/j.cell.2018.03.033,ok,
kirp_tcga_pan_can_atlas_2018,29850653,PMC5972025,10.1200/PO.17.00073,ok,
kirp_tcga_pan_can_atlas_2018,36334560,PMC12390932,,error;elink,Identifier not found in PMC
laml_tcga_pan_can_atlas_2018,29625048,PMC5957518,10.1016/j.cell.2018.03.022,ok,
laml_tcga_pan_can_atlas_2018,29596782,PMC6075717,10.1016/j.cels.2018.03.002,ok,
laml_tcga_pan_can_atlas_2018,29622463,PMC6028190,10.1016/j.ccell.2018.03.007,ok,
laml_tcga_pan_can_atlas_2018,29617662,PMC5916809,10.1016/j.celrep.2018.03.050,ok,
laml_tcga_pan_can_atlas_2018,29625055,PMC6066282,10.1016/j.cell.2018.02.052,ok,
laml_tcga_pan_can_atlas_2018,29625050,PMC6070353,10.1016/j.cell.2018.03.035,ok,
laml_tcga_pan_can_atlas_2018,29617662,PMC5916809,10.1016/j.celrep.2018.03.050,ok,
laml_tcga_pan_can_atlas_2018,32214244,PMC7500457,10.1038/s41586-020-2095-1,ok,
laml_tcga_pan_can_atlas_2018,29625049,PMC5916814,10.1016/j.cell.2018.03.033,ok,
laml_tcga_pan_can_atlas_2018,29850653,PMC5972025,10.1200/PO.17.00073,ok,
laml_tcga_pan_can_atlas_2018,36334560,PMC12390932,,error;elink,Identifier not found in PMC
lihc_tcga_pan_can_atlas_2018,29625048,PMC5957518,10.1016/j.cell.2018.03.022,ok,
lihc_tcga_pan_can_atlas_2018,29596782,PMC6075717,10.1016/j.cels.2018.03.002,ok,
lihc_tcga_pan_can_atlas_2018,29622463,PMC6028190,10.1016/j.ccell.2018.03.007,ok,
lihc_tcga_pan_can_atlas_2018,29617662,PMC5916809,10.1016/j.celrep.2018.03.050,ok,
lihc_tcga_pan_can_atlas_2018,29625055,PMC6066282,10.1016/j.cell.2018.02.052,ok,
lihc_tcga_pan_can_atlas_2018,29625050,PMC6070353,10.1016/j.cell.2018.03.035,ok,
lihc_tcga_pan_can_atlas_2018,29617662,PMC5916809,10.1016/j.celrep.2018.03.050,ok,
lihc_tcga_pan_can_atlas_2018,30643250,PMC12521747,,error;elink,Identifier not found in PMC
lihc_tcga_pan_can_atlas_2018,32214244,PMC7500457,10.1038/s41586-020-2095-1,ok,
lihc_tcga_pan_can_atlas_2018,29625049,PMC5916814,10.1016/j.cell.2018.03.033,ok,
lihc_tcga_pan_can_atlas_2018,29850653,PMC5972025,10.1200/PO.17.00073,ok,
lihc_tcga_pan_can_atlas_2018,36334560,PMC12390932,,error;elink,Identifier not found in PMC
luad_tcga_pan_can_atlas_2018,29625048,PMC5957518,10.1016/j.cell.2018.03.022,ok,
luad_tcga_pan_can_atlas_2018,29596782,PMC6075717,10.1016/j.cels.2018.03.002,ok,
luad_tcga_pan_can_atlas_2018,29622463,PMC6028190,10.1016/j.ccell.2018.03.007,ok,
luad_tcga_pan_can_atlas_2018,29617662,PMC5916809,10.1016/j.celrep.2018.03.050,ok,
luad_tcga_pan_can_atlas_2018,29625055,PMC6066282,10.1016/j.cell.2018.02.052,ok,
luad_tcga_pan_can_atlas_2018,29625050,PMC6070353,10.1016/j.cell.2018.03.035,ok,
luad_tcga_pan_can_atlas_2018,29617662,PMC5916809,10.1016/j.celrep.2018.03.050,ok,
luad_tcga_pan_can_atlas_2018,30643250,PMC12521747,,error;elink,Identifier not found in PMC
luad_tcga_pan_can_atlas_2018,32214244,PMC7500457,10.1038/s41586-020-2095-1,ok,
luad_tcga_pan_can_atlas_2018,29625049,PMC5916814,10.1016/j.cell.2018.03.033,ok,
luad_tcga_pan_can_atlas_2018,29850653,PMC5972025,10.1200/PO.17.00073,ok,
luad_tcga_pan_can_atlas_2018,36334560,PMC12390932,,error;elink,Identifier not found in PMC
lusc_tcga_pan_can_atlas_2018,29625048,PMC5957518,10.1016/j.cell.2018.03.022,ok,
lusc_tcga_pan_can_atlas_2018,29596782,PMC6075717,10.1016/j.cels.2018.03.002,ok,
lusc_tcga_pan_can_atlas_2018,29622463,PMC6028190,10.1016/j.ccell.2018.03.007,ok,
lusc_tcga_pan_can_atlas_2018,29617662,PMC5916809,10.1016/j.celrep.2018.03.050,ok,
lusc_tcga_pan_can_atlas_2018,29625055,PMC6066282,10.1016/j.cell.2018.02.052,ok,
lusc_tcga_pan_can_atlas_2018,29625050,PMC6070353,10.1016/j.cell.2018.03.035,ok,
lusc_tcga_pan_can_atlas_2018,29617662,PMC5916809,10.1016/j.celrep.2018.03.050,ok,
lusc_tcga_pan_can_atlas_2018,30643250,PMC12521747,,error;elink,Identifier not found in PMC
lusc_tcga_pan_can_atlas_2018,32214244,PMC7500457,10.1038/s41586-020-2095-1,ok,
lusc_tcga_pan_can_atlas_2018,29625049,PMC5916814,10.1016/j.cell.2018.03.033,ok,
lusc_tcga_pan_can_atlas_2018,29850653,PMC5972025,10.1200/PO.17.00073,ok,
lusc_tcga_pan_can_atlas_2018,36334560,PMC12390932,,error;elink,Identifier not found in PMC
meso_tcga_pan_can_atlas_2018,29625048,PMC5957518,10.1016/j.cell.2018.03.022,ok,
meso_tcga_pan_can_atlas_2018,29596782,PMC6075717,10.1016/j.cels.2018.03.002,ok,
meso_tcga_pan_can_atlas_2018,29622463,PMC6028190,10.1016/j.ccell.2018.03.007,ok,
meso_tcga_pan_can_atlas_2018,29617662,PMC5916809,10.1016/j.celrep.2018.03.050,ok,
meso_tcga_pan_can_atlas_2018,29625055,PMC6066282,10.1016/j.cell.2018.02.052,ok,
meso_tcga_pan_can_atlas_2018,29625050,PMC6070353,10.1016/j.cell.2018.03.035,ok,
meso_tcga_pan_can_atlas_2018,29617662,PMC5916809,10.1016/j.celrep.2018.03.050,ok,
meso_tcga_pan_can_atlas_2018,32214244,PMC7500457,10.1038/s41586-020-2095-1,ok,
meso_tcga_pan_can_atlas_2018,29625049,PMC5916814,10.1016/j.cell.2018.03.033,ok,
meso_tcga_pan_can_atlas_2018,29850653,PMC5972025,10.1200/PO.17.00073,ok,
meso_tcga_pan_can_atlas_2018,36334560,PMC12390932,,error;elink,Identifier not found in PMC
ov_tcga_pan_can_atlas_2018,29625048,PMC5957518,10.1016/j.cell.2018.03.022,ok,
ov_tcga_pan_can_atlas_2018,29596782,PMC6075717,10.1016/j.cels.2018.03.002,ok,
ov_tcga_pan_can_atlas_2018,29622463,PMC6028190,10.1016/j.ccell.2018.03.007,ok,
ov_tcga_pan_can_atlas_2018,29617662,PMC5916809,10.1016/j.celrep.2018.03.050,ok,
ov_tcga_pan_can_atlas_2018,29625055,PMC6066282,10.1016/j.cell.2018.02.052,ok,
ov_tcga_pan_can_atlas_2018,29625050,PMC6070353,10.1016/j.cell.2018.03.035,ok,
ov_tcga_pan_can_atlas_2018,29617662,PMC5916809,10.1016/j.celrep.2018.03.050,ok,
ov_tcga_pan_can_atlas_2018,30643250,PMC12521747,,error;elink,Identifier not found in PMC
ov_tcga_pan_can_atlas_2018,32214244,PMC7500457,10.1038/s41586-020-2095-1,ok,
ov_tcga_pan_can_atlas_2018,29625049,PMC5916814,10.1016/j.cell.2018.03.033,ok,
ov_tcga_pan_can_atlas_2018,29850653,PMC5972025,10.1200/PO.17.00073,ok,
ov_tcga_pan_can_atlas_2018,36334560,PMC12390932,,error;elink,Identifier not found in PMC
paad_tcga_pan_can_atlas_2018,29625048,PMC5957518,10.1016/j.cell.2018.03.022,ok,
paad_tcga_pan_can_atlas_2018,29596782,PMC6075717,10.1016/j.cels.2018.03.002,ok,
paad_tcga_pan_can_atlas_2018,29622463,PMC6028190,10.1016/j.ccell.2018.03.007,ok,
paad_tcga_pan_can_atlas_2018,29617662,PMC5916809,10.1016/j.celrep.2018.03.050,ok,
paad_tcga_pan_can_atlas_2018,29625055,PMC6066282,10.1016/j.cell.2018.02.052,ok,
paad_tcga_pan_can_atlas_2018,29625050,PMC6070353,10.1016/j.cell.2018.03.035,ok,
paad_tcga_pan_can_atlas_2018,29617662,PMC5916809,10.1016/j.celrep.2018.03.050,ok,
paad_tcga_pan_can_atlas_2018,30643250,PMC12521747,,error;elink,Identifier not found in PMC
paad_tcga_pan_can_atlas_2018,32214244,PMC7500457,10.1038/s41586-020-2095-1,ok,
paad_tcga_pan_can_atlas_2018,29625049,PMC5916814,10.1016/j.cell.2018.03.033,ok,
paad_tcga_pan_can_atlas_2018,29850653,PMC5972025,10.1200/PO.17.00073,ok,
paad_tcga_pan_can_atlas_2018,36334560,PMC12390932,,error;elink,Identifier not found in PMC
pcpg_tcga_pan_can_atlas_2018,29625048,PMC5957518,10.1016/j.cell.2018.03.022,ok,
pcpg_tcga_pan_can_atlas_2018,29596782,PMC6075717,10.1016/j.cels.2018.03.002,ok,
pcpg_tcga_pan_can_atlas_2018,29622463,PMC6028190,10.1016/j.ccell.2018.03.007,ok,
pcpg_tcga_pan_can_atlas_2018,29617662,PMC5916809,10.1016/j.celrep.2018.03.050,ok,
pcpg_tcga_pan_can_atlas_2018,29625055,PMC6066282,10.1016/j.cell.2018.02.052,ok,
pcpg_tcga_pan_can_atlas_2018,29625050,PMC6070353,10.1016/j.cell.2018.03.035,ok,
pcpg_tcga_pan_can_atlas_2018,29617662,PMC5916809,10.1016/j.celrep.2018.03.050,ok,
pcpg_tcga_pan_can_atlas_2018,30643250,PMC12521747,,error;elink,Identifier not found in PMC
pcpg_tcga_pan_can_atlas_2018,32214244,PMC7500457,10.1038/s41586-020-2095-1,ok,
pcpg_tcga_pan_can_atlas_2018,29625049,PMC5916814,10.1016/j.cell.2018.03.033,ok,
pcpg_tcga_pan_can_atlas_2018,29850653,PMC5972025,10.1200/PO.17.00073,ok,
pcpg_tcga_pan_can_atlas_2018,36334560,PMC12390932,,error;elink,Identifier not found in PMC
prad_tcga_pan_can_atlas_2018,29625048,PMC5957518,10.1016/j.cell.2018.03.022,ok,
prad_tcga_pan_can_atlas_2018,29596782,PMC6075717,10.1016/j.cels.2018.03.002,ok,
prad_tcga_pan_can_atlas_2018,29622463,PMC6028190,10.1016/j.ccell.2018.03.007,ok,
prad_tcga_pan_can_atlas_2018,29617662,PMC5916809,10.1016/j.celrep.2018.03.050,ok,
prad_tcga_pan_can_atlas_2018,29625055,PMC6066282,10.1016/j.cell.2018.02.052,ok,
prad_tcga_pan_can_atlas_2018,29625050,PMC6070353,10.1016/j.cell.2018.03.035,ok,
prad_tcga_pan_can_atlas_2018,29617662,PMC5916809,10.1016/j.celrep.2018.03.050,ok,
prad_tcga_pan_can_atlas_2018,30643250,PMC12521747,,error;elink,Identifier not found in PMC
prad_tcga_pan_can_atlas_2018,32214244,PMC7500457,10.1038/s41586-020-2095-1,ok,
prad_tcga_pan_can_atlas_2018,29625049,PMC5916814,10.1016/j.cell.2018.03.033,ok,
prad_tcga_pan_can_atlas_2018,29850653,PMC5972025,10.1200/PO.17.00073,ok,
prad_tcga_pan_can_atlas_2018,36334560,PMC12390932,,error;elink,Identifier not found in PMC
sarc_tcga_pan_can_atlas_2018,29625048,PMC5957518,10.1016/j.cell.2018.03.022,ok,
sarc_tcga_pan_can_atlas_2018,29596782,PMC6075717,10.1016/j.cels.2018.03.002,ok,
sarc_tcga_pan_can_atlas_2018,29622463,PMC6028190,10.1016/j.ccell.2018.03.007,ok,
sarc_tcga_pan_can_atlas_2018,29617662,PMC5916809,10.1016/j.celrep.2018.03.050,ok,
sarc_tcga_pan_can_atlas_2018,29625055,PMC6066282,10.1016/j.cell.2018.02.052,ok,
sarc_tcga_pan_can_atlas_2018,29625050,PMC6070353,10.1016/j.cell.2018.03.035,ok,
sarc_tcga_pan_can_atlas_2018,29617662,PMC5916809,10.1016/j.celrep.2018.03.050,ok,
sarc_tcga_pan_can_atlas_2018,32214244,PMC7500457,10.1038/s41586-020-2095-1,ok,
sarc_tcga_pan_can_atlas_2018,29625049,PMC5916814,10.1016/j.cell.2018.03.033,ok,
sarc_tcga_pan_can_atlas_2018,29850653,PMC5972025,10.1200/PO.17.00073,ok,
sarc_tcga_pan_can_atlas_2018,36334560,PMC12390932,,error;elink,Identifier not found in PMC
skcm_tcga_pan_can_atlas_2018,29625048,PMC5957518,10.1016/j.cell.2018.03.022,ok,
skcm_tcga_pan_can_atlas_2018,29596782,PMC6075717,10.1016/j.cels.2018.03.002,ok,
skcm_tcga_pan_can_atlas_2018,29622463,PMC6028190,10.1016/j.ccell.2018.03.007,ok,
skcm_tcga_pan_can_atlas_2018,29617662,PMC5916809,10.1016/j.celrep.2018.03.050,ok,
skcm_tcga_pan_can_atlas_2018,29625055,PMC6066282,10.1016/j.cell.2018.02.052,ok,
skcm_tcga_pan_can_atlas_2018,29625050,PMC6070353,10.1016/j.cell.2018.03.035,ok,
skcm_tcga_pan_can_atlas_2018,29617662,PMC5916809,10.1016/j.celrep.2018.03.050,ok,
skcm_tcga_pan_can_atlas_2018,30643250,PMC12521747,,error;elink,Identifier not found in PMC
skcm_tcga_pan_can_atlas_2018,32214244,PMC7500457,10.1038/s41586-020-2095-1,ok,
skcm_tcga_pan_can_atlas_2018,29625049,PMC5916814,10.1016/j.cell.2018.03.033,ok,
skcm_tcga_pan_can_atlas_2018,29850653,PMC5972025,10.1200/PO.17.00073,ok,
skcm_tcga_pan_can_atlas_2018,36334560,PMC12390932,,error;elink,Identifier not found in PMC
stad_tcga_pan_can_atlas_2018,29625048,PMC5957518,10.1016/j.cell.2018.03.022,ok,
stad_tcga_pan_can_atlas_2018,29596782,PMC6075717,10.1016/j.cels.2018.03.002,ok,
stad_tcga_pan_can_atlas_2018,29622463,PMC6028190,10.1016/j.ccell.2018.03.007,ok,
stad_tcga_pan_can_atlas_2018,29617662,PMC5916809,10.1016/j.celrep.2018.03.050,ok,
stad_tcga_pan_can_atlas_2018,29625055,PMC6066282,10.1016/j.cell.2018.02.052,ok,
stad_tcga_pan_can_atlas_2018,29625050,PMC6070353,10.1016/j.cell.2018.03.035,ok,
stad_tcga_pan_can_atlas_2018,29617662,PMC5916809,10.1016/j.celrep.2018.03.050,ok,
stad_tcga_pan_can_atlas_2018,32214244,PMC7500457,10.1038/s41586-020-2095-1,ok,
stad_tcga_pan_can_atlas_2018,29625049,PMC5916814,10.1016/j.cell.2018.03.033,ok,
stad_tcga_pan_can_atlas_2018,29850653,PMC5972025,10.1200/PO.17.00073,ok,
stad_tcga_pan_can_atlas_2018,36334560,PMC12390932,,error;elink,Identifier not found in PMC
tgct_tcga_pan_can_atlas_2018,29625048,PMC5957518,10.1016/j.cell.2018.03.022,ok,
tgct_tcga_pan_can_atlas_2018,29596782,PMC6075717,10.1016/j.cels.2018.03.002,ok,
tgct_tcga_pan_can_atlas_2018,29622463,PMC6028190,10.1016/j.ccell.2018.03.007,ok,
tgct_tcga_pan_can_atlas_2018,29617662,PMC5916809,10.1016/j.celrep.2018.03.050,ok,
tgct_tcga_pan_can_atlas_2018,29625055,PMC6066282,10.1016/j.cell.2018.02.052,ok,
tgct_tcga_pan_can_atlas_2018,29625050,PMC6070353,10.1016/j.cell.2018.03.035,ok,
tgct_tcga_pan_can_atlas_2018,29617662,PMC5916809,10.1016/j.celrep.2018.03.050,ok,
tgct_tcga_pan_can_atlas_2018,32214244,PMC7500457,10.1038/s41586-020-2095-1,ok,
tgct_tcga_pan_can_atlas_2018,29625049,PMC5916814,10.1016/j.cell.2018.03.033,ok,
tgct_tcga_pan_can_atlas_2018,29850653,PMC5972025,10.1200/PO.17.00073,ok,
tgct_tcga_pan_can_atlas_2018,36334560,PMC12390932,,error;elink,Identifier not found in PMC
thca_tcga_pan_can_atlas_2018,29625048,PMC5957518,10.1016/j.cell.2018.03.022,ok,
thca_tcga_pan_can_atlas_2018,29596782,PMC6075717,10.1016/j.cels.2018.03.002,ok,
thca_tcga_pan_can_atlas_2018,29622463,PMC6028190,10.1016/j.ccell.2018.03.007,ok,
thca_tcga_pan_can_atlas_2018,29617662,PMC5916809,10.1016/j.celrep.2018.03.050,ok,
thca_tcga_pan_can_atlas_2018,29625055,PMC6066282,10.1016/j.cell.2018.02.052,ok,
thca_tcga_pan_can_atlas_2018,29625050,PMC6070353,10.1016/j.cell.2018.03.035,ok,
thca_tcga_pan_can_atlas_2018,29617662,PMC5916809,10.1016/j.celrep.2018.03.050,ok,
thca_tcga_pan_can_atlas_2018,30643250,PMC12521747,,error;elink,Identifier not found in PMC
thca_tcga_pan_can_atlas_2018,32214244,PMC7500457,10.1038/s41586-020-2095-1,ok,
thca_tcga_pan_can_atlas_2018,29625049,PMC5916814,10.1016/j.cell.2018.03.033,ok,
thca_tcga_pan_can_atlas_2018,29850653,PMC5972025,10.1200/PO.17.00073,ok,
thca_tcga_pan_can_atlas_2018,36334560,PMC12390932,,error;elink,Identifier not found in PMC
thym_tcga_pan_can_atlas_2018,29625048,PMC5957518,10.1016/j.cell.2018.03.022,ok,
thym_tcga_pan_can_atlas_2018,29596782,PMC6075717,10.1016/j.cels.2018.03.002,ok,
thym_tcga_pan_can_atlas_2018,29622463,PMC6028190,10.1016/j.ccell.2018.03.007,ok,
thym_tcga_pan_can_atlas_2018,29617662,PMC5916809,10.1016/j.celrep.2018.03.050,ok,
thym_tcga_pan_can_atlas_2018,29625055,PMC6066282,10.1016/j.cell.2018.02.052,ok,
thym_tcga_pan_can_atlas_2018,29625050,PMC6070353,10.1016/j.cell.2018.03.035,ok,
thym_tcga_pan_can_atlas_2018,29617662,PMC5916809,10.1016/j.celrep.2018.03.050,ok,
thym_tcga_pan_can_atlas_2018,32214244,PMC7500457,10.1038/s41586-020-2095-1,ok,
thym_tcga_pan_can_atlas_2018,29625049,PMC5916814,10.1016/j.cell.2018.03.033,ok,
thym_tcga_pan_can_atlas_2018,29850653,PMC5972025,10.1200/PO.17.00073,ok,
thym_tcga_pan_can_atlas_2018,36334560,PMC12390932,,error;elink,Identifier not found in PMC
ucec_tcga_pan_can_atlas_2018,29625048,PMC5957518,10.1016/j.cell.2018.03.022,ok,
ucec_tcga_pan_can_atlas_2018,29596782,PMC6075717,10.1016/j.cels.2018.03.002,ok,
ucec_tcga_pan_can_atlas_2018,29622463,PMC6028190,10.1016/j.ccell.2018.03.007,ok,
ucec_tcga_pan_can_atlas_2018,29617662,PMC5916809,10.1016/j.celrep.2018.03.050,ok,
ucec_tcga_pan_can_atlas_2018,29625055,PMC6066282,10.1016/j.cell.2018.02.052,ok,
ucec_tcga_pan_can_atlas_2018,29625050,PMC6070353,10.1016/j.cell.2018.03.035,ok,
ucec_tcga_pan_can_atlas_2018,29617662,PMC5916809,10.1016/j.celrep.2018.03.050,ok,
ucec_tcga_pan_can_atlas_2018,30643250,PMC12521747,,error;elink,Identifier not found in PMC
ucec_tcga_pan_can_atlas_2018,32214244,PMC7500457,10.1038/s41586-020-2095-1,ok,
ucec_tcga_pan_can_atlas_2018,29625049,PMC5916814,10.1016/j.cell.2018.03.033,ok,
ucec_tcga_pan_can_atlas_2018,29850653,PMC5972025,10.1200/PO.17.00073,ok,
ucec_tcga_pan_can_atlas_2018,36334560,PMC12390932,,error;elink,Identifier not found in PMC
ucs_tcga_pan_can_atlas_2018,29625048,PMC5957518,10.1016/j.cell.2018.03.022,ok,
ucs_tcga_pan_can_atlas_2018,29596782,PMC6075717,10.1016/j.cels.2018.03.002,ok,
ucs_tcga_pan_can_atlas_2018,29622463,PMC6028190,10.1016/j.ccell.2018.03.007,ok,
ucs_tcga_pan_can_atlas_2018,29617662,PMC5916809,10.1016/j.celrep.2018.03.050,ok,
ucs_tcga_pan_can_atlas_2018,29625055,PMC6066282,10.1016/j.cell.2018.02.052,ok,
ucs_tcga_pan_can_atlas_2018,29625050,PMC6070353,10.1016/j.cell.2018.03.035,ok,
ucs_tcga_pan_can_atlas_2018,29617662,PMC5916809,10.1016/j.celrep.2018.03.050,ok,
ucs_tcga_pan_can_atlas_2018,32214244,PMC7500457,10.1038/s41586-020-2095-1,ok,
ucs_tcga_pan_can_atlas_2018,29625049,PMC5916814,10.1016/j.cell.2018.03.033,ok,
ucs_tcga_pan_can_atlas_2018,29850653,PMC5972025,10.1200/PO.17.00073,ok,
ucs_tcga_pan_can_atlas_2018,36334560,PMC12390932,,error;elink,Identifier not found in PMC
uvm_tcga_pan_can_atlas_2018,29625048,PMC5957518,10.1016/j.cell.2018.03.022,ok,
uvm_tcga_pan_can_atlas_2018,29596782,PMC6075717,10.1016/j.cels.2018.03.002,ok,
uvm_tcga_pan_can_atlas_2018,29622463,PMC6028190,10.1016/j.ccell.2018.03.007,ok,
uvm_tcga_pan_can_atlas_2018,29617662,PMC5916809,10.1016/j.celrep.2018.03.050,ok,
uvm_tcga_pan_can_atlas_2018,29625055,PMC6066282,10.1016/j.cell.2018.02.052,ok,
uvm_tcga_pan_can_atlas_2018,29625050,PMC6070353,10.1016/j.cell.2018.03.035,ok,
uvm_tcga_pan_can_atlas_2018,29617662,PMC5916809,10.1016/j.celrep.2018.03.050,ok,
uvm_tcga_pan_can_atlas_2018,32214244,PMC7500457,10.1038/s41586-020-2095-1,ok,
uvm_tcga_pan_can_atlas_2018,29625049,PMC5916814,10.1016/j.cell.2018.03.033,ok,
uvm_tcga_pan_can_atlas_2018,29850653,PMC5972025,10.1200/PO.17.00073,ok,
uvm_tcga_pan_can_atlas_2018,36334560,PMC12390932,,error;elink,Identifier not found in PMC
coad_silu_2022,37202560,PMC10202816,10.1038/s41591-023-02324-5,ok,
acc_tcga_pan_can_atlas_2018,29625048,PMC5957518,10.1016/j.cell.2018.03.022,ok,
acc_tcga_pan_can_atlas_2018,29596782,PMC6075717,10.1016/j.cels.2018.03.002,ok,
acc_tcga_pan_can_atlas_2018,29622463,PMC6028190,10.1016/j.ccell.2018.03.007,ok,
acc_tcga_pan_can_atlas_2018,29617662,PMC5916809,10.1016/j.celrep.2018.03.050,ok,
acc_tcga_pan_can_atlas_2018,29625055,PMC6066282,10.1016/j.cell.2018.02.052,ok,
acc_tcga_pan_can_atlas_2018,29625050,PMC6070353,10.1016/j.cell.2018.03.035,ok,
acc_tcga_pan_can_atlas_2018,29617662,PMC5916809,10.1016/j.celrep.2018.03.050,ok,
acc_tcga_pan_can_atlas_2018,32214244,PMC7500457,10.1038/s41586-020-2095-1,ok,
acc_tcga_pan_can_atlas_2018,29625049,PMC5916814,10.1016/j.cell.2018.03.033,ok,
acc_tcga_pan_can_atlas_2018,29850653,PMC5972025,10.1200/PO.17.00073,ok,
acc_tcga_pan_can_atlas_2018,36334560,PMC12390932,,error;elink,Identifier not found in PMC
msk_chord_2024,39506116,PMC11655358,10.1038/s41586-024-08167-5,ok,
pancan_mappyacts_2022,35292802,PMC9394403,10.1158/2159-8290.CD-21-1136,ok,
msk_met_2021,35120664,PMC9147702,10.1016/j.cell.2022.01.003,ok,
blca_msk_2024,39499893,PMC12088707,10.1200/PO.24.00287,ok,
brca_fuscc_2020,32719455,PMC8027015,10.1038/s41422-020-0375-9,ok,
thyroid_gatci_2024,38412093,PMC11077417,10.1016/j.celrep.2024.113826,ok,
braf_msk_impact_2024,38922339,PMC11371517,10.1158/1078-0432.CCR-23-3981,ok,
bcc_unige_2016,26950094,PMC12448954,,error;elink,Identifier not found in PMC
ampca_bcm_2016,26804919,PMC4982376,10.1016/j.celrep.2015.12.005,ok,
blca_dfarber_mskcc_2014,25096233,PMC4238969,10.1158/2159-8290.CD-14-0623,ok,
blca_mskcc_solit_2012,23897969,PMC3753703,10.1200/JCO.2012.46.5740,ok,
blca_bgi,24121792,PMC7512009,10.1038/ng.2798,ok,
all_stjude_2013,23334668,PMC3919793,10.1038/ng.2532,ok,
acyc_mskcc_2013,23685749,PMC3708595,10.1038/ng.2643,ok,
acyc_jhu_2016,26862087,PMC4818686,10.1158/1940-6207.CAPR-15-0316,ok,
acyc_mda_2015,26631609,PMC4807116,10.1158/1078-0432.CCR-15-2867-T,ok,
acyc_sanger_2013,23778141,PMC3999050,10.1172/JCI67201,ok,
all_stjude_2016,27776115,PMC5144107,10.1038/ng.3691,ok,
angs_project_painter_2018,32042194,PMC12534164,,error;elink,Identifier not found in PMC
bfn_duke_nus_2015,26437033,PMC12458290,,error;elink,Identifier not found in PMC
blca_cornell_2016,27749842,PMC5549141,10.1038/ng.3692,ok,
aml_ohsu_2018,30333627,PMC6280667,10.1038/s41586-018-0623-z,ok,
blca_bcan_hcrn_2022,36333289,PMC9636269,10.1038/s41467-022-33980-9,ok,
aml_ohsu_2022,35868306,PMC9378589,10.1016/j.ccell.2022.07.002,ok,
asclc_msk_2024,39185963,PMC11726019,10.1158/2159-8290.CD-24-0286,ok,
brca_bccrc_xenograft_2014,25470049,PMC4864027,10.1038/nature13952,ok,
brca_broad,22722202,PMC4148686,10.1038/nature11154,ok,
brca_bccrc,22495314,PMC3863681,10.1038/nature10933,ok,
brca_igr_2015,28027327,PMC5189935,10.1371/journal.pmed.1002201,ok,
blca_tcga_pub_2017,28988769,PMC5687509,10.1016/j.cell.2017.09.007,ok,
brca_mskcc_2019,31552290,PMC6757060,10.1038/s41523-019-0126-6,ok,
brca_jup_msk_2020,33263939,PMC7869928,10.1002/cjp2.190,ok,
brain_cptac_2020,33242424,PMC8143193,10.1016/j.cell.2020.10.044,ok,
brca_cptac_2020,33212010,PMC8077737,10.1016/j.cell.2020.10.036,ok,
brca_dfci_2020,32404308,PMC8815415,10.1158/2159-8290.CD-19-1390,ok,
brca_sanger,22722201,PMC3428862,10.1038/nature11017,ok,
brca_tcga_pub,23000897,PMC3465532,10.1038/nature11412,ok,
breast_msk_2018,30205045,PMC6327853,10.1016/j.ccell.2018.08.008,ok,
breast_alpelisib_2020,32864625,PMC7450824,10.1038/s43018-020-0047-1,ok,
brca_smc_2018,29713003,PMC5928087,10.1038/s41467-018-04129-4,ok,
breast_ink4_msk_2021,34544752,PMC8831444,10.1158/2159-8290.CD-20-1726,ok,
brca_pareja_msk_2020,32220886,PMC7367727,10.1158/1078-0432.CCR-19-2563,ok,
crc_msk_2017,29316426,PMC5765991,10.1016/j.ccell.2017.12.004,ok,
pancan_pcawg_2020,32025007,PMC7025898,10.1038/s41586-020-1969-6,ok,
pdac_msk_2024,39753968,PMC11835752,10.1038/s41591-024-03362-3,ok,
braf_msk_archer_2024,38922339,PMC11371517,10.1158/1078-0432.CCR-23-3981,ok,
sarcoma_ucla_2024,39305899,PMC12318355,10.1016/j.stem.2024.08.010,ok,
csf_msk_2024,39289779,PMC11406943,10.1186/s40478-024-01846-4,ok,
normal_skin_fibroblast_2024,39091884,PMC11291049,10.1101/2024.07.23.604673,ok,
normal_skin_keratinocytes_2024,39091884,PMC11291049,10.1101/2024.07.23.604673,ok,
normal_skin_melanocytes_2024,33029006,PMC7581540,10.1038/s41586-020-2785-8,ok,
normal_skin_melanocytes_2024,39091884,PMC11291049,10.1101/2024.07.23.604673,ok,
normal_skin_melanocytes_2024,38895302,PMC11185634,10.1101/2024.06.04.597225,ok,
normal_skin_melanocytes_2024,39975212,PMC11839034,10.1101/2025.02.07.637114,ok,
chl_sccc_2023,36723991,PMC10150291,10.1158/2643-3230.BCD-22-0128,ok,
blca_msk_2025,40256659,PMC12008543,10.1016/j.euros.2025.03.009,ok,
esca_broad,23525077,PMC3678719,10.1038/ng.2591,ok,
escc_icgc,24670651,PMC12524419,,error;elink,Identifier not found in PMC
es_iocurie_2014,25223734,PMC4264969,10.1158/2159-8290.CD-14-0622,ok,
gbc_shanghai_2014,24997986,PMC12363069,,error;elink,Identifier not found in PMC
egc_tmucih_2015,25583476,PMC4313862,10.1073/pnas.1422640112,ok,
egc_msk_2017,29122777,PMC5813492,10.1158/2159-8290.CD-17-0787,ok,
dlbcl_duke_2017,28985567,PMC5659841,10.1016/j.cell.2017.09.027,ok,
dlbcl_dfci_2018,29713087,PMC6613387,10.1038/s41591-018-0016-8,ok,
gbc_msk_2018,30427539,PMC6636637,10.1002/cncr.31850,ok,
egc_trap_msk_2020,32437664,PMC8229851,10.1016/S1470-2045(20)30169-8,ok,
egc_mskcc_2020,33795256,PMC8228505,10.1158/1078-0432.CCR-20-4707,ok,
egc_trap_ccr_msk_2023,37406106,PMC10502449,10.1158/1078-0432.CCR-22-3769,ok,
hnsc_broad,21798893,PMC3415217,10.1126/science.1208130,ok,
hnc_mskcc_2016,27442865,PMC5253129,10.1001/jamaoncol.2016.1790,ok,
hcc_inserm_fr_2015,25822088,PMC4587544,10.1038/ng.3252,ok,
gct_msk_2016,27646943,PMC5477828,10.1200/JCO.2016.68.7798,ok,
hcc_mskimpact_2018,30373752,PMC6689131,10.1158/1078-0432.CCR-18-2293,ok,
glioma_mskcc_2019,31263031,PMC6753053,10.1158/1078-0432.CCR-19-0032,ok,
glioma_msk_2018,30675060,PMC6457907,10.1038/s41586-019-0882-3,ok,
hccihch_pku_2019,31130341,PMC8317046,10.1016/j.ccell.2019.04.007,ok,
hgsoc_msk_2021,34819508,PMC8613272,10.1038/s41525-021-00259-9,ok,
hcc_meric_2021,35508466,PMC9068765,10.1038/s41467-022-29960-8,ok,
hcc_clca_2024,38355797,PMC12548999,,error;elink,Identifier not found in PMC
kirc_bgi,22138691,PMC12432380,,error;elink,Identifier not found in PMC
kich_tcga_pub,25155756,PMC4160352,10.1016/j.ccr.2014.07.014,ok,
hnsc_jhu,21798897,PMC3162986,10.1126/science.1206923,ok,
hnsc_mdanderson_2013,23619168,PMC3858325,10.1158/2159-8290.CD-12-0537,ok,
ihch_smmu_2014,25526346,PMC12468851,,error;elink,Identifier not found in PMC
ihch_mskcc_2020,33963001,PMC8282702,10.1158/1078-0432.CCR-21-0412,ok,
ihch_msk_2021,33765338,PMC8713028,10.1002/hep.31829,ok,
lgg_ucsf_2014,24336570,PMC3998672,10.1126/science.1239947,ok,
lgggbm_tcga_pub,26824661,PMC4754110,10.1016/j.cell.2015.12.028,ok,
lihc_amc_prv,24798001,PMC12452113,,error;elink,Identifier not found in PMC
lihc_riken,22634756,PMC12529571,,error;elink,Identifier not found in PMC
luad_mskcc_2015,25765070,PMC4993154,10.1126/science.aaa1348,ok,
luad_broad,22980975,PMC3557932,10.1016/j.cell.2012.08.029,ok,
liad_inserm_fr_2014,24735922,PMC12261305,,error;elink,Identifier not found in PMC
lcll_broad_2013,23415222,PMC3575604,10.1016/j.cell.2013.01.019,ok,
luad_msk_npjpo_2021,34290393,PMC8295366,10.1038/s41698-021-00210-2,ok,
luad_cptac_2020,32649874,PMC7373300,10.1016/j.cell.2020.06.013,ok,
lusc_tcga_pub,22960745,PMC3466113,10.1038/nature11404,ok,
mbl_broad_2012,22820256,PMC3413789,10.1038/nature11329,ok,
mbl_icgc,22832583,PMC3662966,10.1038/nature11284,ok,
mbl_pcgp,22722829,PMC3412905,10.1038/nature11213,ok,
lung_msk_2017,28336552,PMC5482929,10.1158/2159-8290.CD-16-1337,ok,
luad_mskcc_2020,32791233,PMC7704768,10.1016/j.jtho.2020.08.005,ok,
luad_oncosg_2020,32015526,PMC12443039,,error;elink,Identifier not found in PMC
lung_smc_2016,27634761,PMC10937974,,error;elink,Identifier not found in PMC
lung_pdx_msk_2021,35440124,PMC9018685,10.1038/s41467-022-29794-4,ok,
mbl_dkfz_2017,28726821,PMC5905700,10.1038/nature22973,ok,
lusc_cptac_2021,34358469,PMC8475722,10.1016/j.cell.2021.07.016,ok,
lung_nci_2022,34493867,PMC8432745,10.1038/s41588-021-00920-0,ok,
mm_broad,24434212,PMC4241387,10.1016/j.ccr.2013.12.015,ok,
mcl_idibips_2013,24145436,PMC3831489,10.1073/pnas.1314608110,ok,
mds_tokyo_2011,21909114,PMC12550706,,error;elink,Identifier not found in PMC
mel_tsam_liang_2017,28373299,PMC5378171,10.1101/gr.213348.116,ok,
mel_ucla_2016,26997480,PMC4808437,10.1016/j.cell.2016.02.065,ok,
mixed_allen_2018,30150660,PMC6119118,10.1038/s41588-018-0200-2,ok,
mixed_selpercatinib_2020,35304457,PMC8933489,10.1038/s41467-022-28848-x,ok,
mixed_cfdna_msk_2020,34059130,PMC8165771,10.1186/s13073-021-00898-8,ok,
mel_dfci_2019,31792460,PMC6898788,10.1038/s41591-019-0654-5,ok,
mel_mskimpact_2020,33509808,PMC8046739,10.1158/1078-0432.CCR-20-4189,ok,
mbn_sfu_2023,36201743,PMC10023728,10.1182/blood.2022016534,ok,
mbn_msk_2024,38497151,PMC11215372,10.3324/haematol.2023.284565,ok,
npc_nusingapore,24952746,PMC12468275,,error;elink,Identifier not found in PMC
nepc_wcm_2016,26855148,PMC4777652,10.1038/nm.4045,ok,
nbl_ucologne_2015,26466568,PMC4881306,10.1038/nature14980,ok,
nbl_broad_2013,23334666,PMC3682833,10.1038/ng.2529,ok,
mrt_bcgsc_2016,26977886,PMC5094835,10.1016/j.ccell.2016.02.009,ok,
mpn_cimr_2013,24325359,PMC3966280,10.1056/NEJMoa1312542,ok,
nsclc_mskcc_2015,25765070,PMC4993154,10.1126/science.aaa1348,ok,
nsclc_mskcc_2018,29657128,PMC5953836,10.1016/j.ccell.2018.03.018,ok,
msk_access_2021,34145282,PMC8213710,10.1038/s41467-021-24109-5,ok,
mng_utoronto_2021,34433969,PMC11604310,10.1038/s41586-021-03850-3,ok,
mpnst_mskcc,25240281,PMC4249650,10.1038/ng.3095,ok,
nbl_amc_2012,22367537,PMC12508281,,error;elink,Identifier not found in PMC
nccrcc_genentech_2014,25401301,PMC4489427,10.1038/ng.3146,ok,
ov_tcga_pub,21720365,PMC3163504,10.1038/nature10166,ok,
paac_jhu_2014,24293293,PMC4048021,10.1002/path.4310,ok,
paad_icgc,23103869,PMC3530898,10.1038/nature11547,ok,
paad_utsw_2015,25855536,PMC4403382,10.1038/ncomms7744,ok,
nsclc_tcga_broad_2016,27158780,PMC4884143,10.1038/ng.3564,ok,
paad_qcmg_uq_2016,26909576,PMC12553238,,error;elink,Identifier not found in PMC
pact_jhu_2011,22158988,PMC3248495,10.1073/pnas.1118046108,ok,
nsclc_tracerx_2017,28445112,PMC12553238,,error;elink,Identifier not found in PMC
nsclc_tracerx_2017,28445469,PMC5812436,10.1038/nature22364,ok,
nsclc_pd1_msk_2018,29337640,PMC6075848,10.1200/JCO.2017.75.3384,ok,
ntrk_msk_2019,31871300,PMC7124988,10.1158/1078-0432.CCR-19-3165,ok,
pan_origimed_2020,35871175,PMC9308789,10.1038/s41467-022-31780-9,ok,
paad_cptac_2021,34534465,PMC8654574,10.1016/j.cell.2021.08.023,ok,
nst_nfosi_ntap,32561749,PMC7305302,10.1038/s41597-020-0508-5,ok,
panet_jhu_2011,21252315,PMC3144496,10.1126/science.1200609,ok,
pcnsl_mayo_2015,25991819,PMC4558226,10.1158/1078-0432.CCR-14-2116,ok,
prad_broad,22610119,PMC3673022,10.1038/ng.2279,ok,
crc_hta11_htan_2021,34910928,PMC8941949,10.1016/j.cell.2021.11.031,ok,
panet_shanghai_2013,24326773,PMC12056210,,error;elink,Identifier not found in PMC
plmeso_nyu_2015,25488749,PMC12404184,,error;elink,Identifier not found in PMC
prad_cpcg_2017,28068672,PMC12513462,,error;elink,Identifier not found in PMC
panet_arcnet_2017,28199314,PMC12533323,,error;elink,Identifier not found in PMC
past_dkfz_heidelberg_2013,23817572,PMC3951336,10.1038/ng.2682,ok,
prad_eururol_2017,28927585,PMC12508145,,error;elink,Identifier not found in PMC
prad_fhcrc,26928463,PMC5045679,10.1038/nm.4053,ok,
prad_mich,22722839,PMC3396711,10.1038/nature11125,ok,
prad_mskcc_2014,25024180,PMC4121784,10.1073/pnas.1411446111,ok,
prad_su2c_2015,26000489,PMC4484602,10.1016/j.cell.2015.05.001,ok,
prad_mskcc_2017,28825054,PMC5558263,10.1200/PO.17.00029,ok,
prad_p1000,29610475,PMC6107367,10.1038/s41588-018-0078-z,ok,
prad_su2c_2019,31061129,PMC6561293,10.1073/pnas.1902651116,ok,
prostate_dkfz_2018,30537516,PMC7444093,10.1016/j.ccell.2018.10.016,ok,
prad_msk_2019,31564440,PMC6949382,10.1016/j.cmet.2019.08.024,ok,
prad_mskcc_cheny1_organoids_2014,25201530,PMC4237931,10.1016/j.cell.2014.08.016,ok,
prad_mcspc_mskcc_2020,32220891,PMC7334067,10.1158/1078-0432.CCR-20-0168,ok,
prad_msk_stopsack_2021,34667026,PMC8776579,10.1158/1078-0432.CCR-21-2577,ok,
prostate_pcbm_swiss_2019,35504881,PMC9065149,10.1038/s41467-022-30003-5,ok,
sclc_clcgp,22941188,PMC4915822,10.1038/ng.2396,ok,
sclc_jhu,22941189,PMC3557461,10.1038/ng.2405,ok,
skcm_broad,22817889,PMC3600117,10.1016/j.cell.2012.06.024,ok,
rms_nih_2014,24436047,PMC4462130,10.1158/2159-8290.CD-13-0639,ok,
sarc_tcga_pub,29100075,PMC5693358,10.1016/j.cell.2017.10.014,ok,
sclc_cancercell_gardner_2017,28196596,PMC5313262,10.1016/j.ccell.2017.01.006,ok,
sclc_ucologne_2015,26168399,PMC4861069,10.1038/nature14664,ok,
sarcoma_mskcc_2022,35705560,PMC9200818,10.1038/s41467-022-30453-x,ok,
skcm_broad_dfarber,22622578,PMC3367798,10.1038/nature11071,ok,
skcm_yale,22842228,PMC3432702,10.1038/ng.2359,ok,
stad_pfizer_uhongkong,24816253,PMC12468435,,error;elink,Identifier not found in PMC
skcm_broad_brafresist_2012,24265153,PMC3947264,10.1158/2159-8290.CD-13-0617,ok,
skcm_mskcc_2014,25409260,PMC4315319,10.1056/NEJMoa1406498,ok,
skcm_tcga_pub_2015,26091043,PMC4580370,10.1016/j.cell.2015.05.044,ok,
skcm_dfci_2015,26359337,PMC5054517,10.1126/science.aad0095,ok,
stad_uhongkong,22037554,PMC12489181,,error;elink,Identifier not found in PMC
stad_utokyo,24816255,PMC12523349,,error;elink,Identifier not found in PMC
tet_nci_2014,24974848,PMC5705185,10.1038/ng.3016,ok,
thyroid_mskcc_2016,26878173,PMC4767360,10.1172/JCI85271,ok,
stes_tcga_pub,28052061,PMC5651175,10.1038/nature20805,ok,
summit_2018,29420467,PMC5808581,10.1038/nature25475,ok,
stmyec_wcm_2022,36577525,PMC9808553,10.1101/mcs.a006227,ok,
ucs_jhu_2014,25233892,PMC4354107,10.1038/ncomms6006,ok,
ucec_tcga_pub,23636398,PMC3704730,10.1038/nature12113,ok,
um_qimr_2016,26683228,PMC4826231,10.18632/oncotarget.6614,ok,
ucec_msk_2018,30068706,PMC6279519,10.1158/1078-0432.CCR-18-0412,ok,
uccc_nih_2017,28485815,PMC5587124,10.1002/cncr.30745,ok,
tmb_mskcc_2018,30643254,PMC6365097,10.1038/s41588-018-0312-8,ok,
ucec_cptac_2020,32059776,PMC7233456,10.1016/j.cell.2020.01.026,ok,
ucec_ccr_cfdna_msk_2022,36007103,PMC9852004,10.1158/1078-0432.CCR-22-1134,ok,
vsc_cuk_2018,29422544,PMC5903820,10.1038/emm.2017.265,ok,
utuc_cornell_baylor_mdacc_2019,31278255,PMC6611775,10.1038/s41467-019-10873-y,ok,
usarc_msk_2020,32299819,PMC7367750,10.1158/1078-0432.CCR-19-3959,ok,
utuc_igbmc_2021,33397444,PMC7780630,10.1186/s13059-020-02230-w,ok,
lgg_tcga_pan_can_atlas_2018,29625048,PMC5957518,10.1016/j.cell.2018.03.022,ok,
lgg_tcga_pan_can_atlas_2018,29596782,PMC6075717,10.1016/j.cels.2018.03.002,ok,
lgg_tcga_pan_can_atlas_2018,29622463,PMC6028190,10.1016/j.ccell.2018.03.007,ok,
lgg_tcga_pan_can_atlas_2018,29617662,PMC5916809,10.1016/j.celrep.2018.03.050,ok,
lgg_tcga_pan_can_atlas_2018,29625055,PMC6066282,10.1016/j.cell.2018.02.052,ok,
lgg_tcga_pan_can_atlas_2018,29625050,PMC6070353,10.1016/j.cell.2018.03.035,ok,
lgg_tcga_pan_can_atlas_2018,29617662,PMC5916809,10.1016/j.celrep.2018.03.050,ok,
lgg_tcga_pan_can_atlas_2018,30643250,PMC12521747,,error;elink,Identifier not found in PMC
lgg_tcga_pan_can_atlas_2018,32214244,PMC7500457,10.1038/s41586-020-2095-1,ok,
lgg_tcga_pan_can_atlas_2018,29625049,PMC5916814,10.1016/j.cell.2018.03.033,ok,
lgg_tcga_pan_can_atlas_2018,29850653,PMC5972025,10.1200/PO.17.00073,ok,
lgg_tcga_pan_can_atlas_2018,36334560,PMC12390932,,error;elink,Identifier not found in PMC
crc_orion_2024,39386479,PMC11463659,10.1101/2024.09.24.614701,ok,
brca_aurora_2023,36585450,PMC9886551,10.1038/s43018-022-00491-x,ok,
schw_ctf_synodos_2025,33025139,PMC7785562,10.1007/s00401-020-02230-x,ok,
ovary_geomx_gray_foundation_2024,39386723,PMC11463462,10.1101/2024.09.25.615007,ok,
brca_tcga_pub2015,26451490,PMC4603750,10.1016/j.cell.2015.09.033,ok,
hnsc_tcga_pub,25631445,PMC4311405,10.1038/nature14129,ok,
luad_tcga_pub,25079552,PMC4231481,10.1038/nature13385,ok,
thca_tcga_pub,25417114,PMC4243044,10.1016/j.cell.2014.09.050,ok,
blca_tcga_pub,24476821,PMC3962515,10.1038/nature12965,ok,
msk_ch_2020,33106634,PMC7891089,10.1038/s41588-020-00710-0,ok,
msk_spectrum_tme_2022,36517593,PMC9771812,10.1038/s41586-022-05496-1,ok,
pancan_mimsi_msk_2024,39746944,PMC11696176,10.1038/s41467-024-54970-z,ok,
mel_iatlas_riaz_nivolumab_2017,29033130,PMC5685550,10.1016/j.cell.2017.09.028,ok,
stad_oncosg_2018,29670109,PMC5906695,10.1038/s41467-018-03828-2,ok,
gbm_tcga_pub,18772890,PMC2671642,10.1038/nature07385,ok,
gbm_tcga_pub2013,24120142,PMC3910500,10.1016/j.cell.2013.09.034,ok,
odg_msk_2017,28472509,PMC5596171,10.1093/neuonc/nox086,ok,
gbm_tcga_pan_can_atlas_2018,29625048,PMC5957518,10.1016/j.cell.2018.03.022,ok,
gbm_tcga_pan_can_atlas_2018,29596782,PMC6075717,10.1016/j.cels.2018.03.002,ok,
gbm_tcga_pan_can_atlas_2018,29622463,PMC6028190,10.1016/j.ccell.2018.03.007,ok,
gbm_tcga_pan_can_atlas_2018,29617662,PMC5916809,10.1016/j.celrep.2018.03.050,ok,
gbm_tcga_pan_can_atlas_2018,29625055,PMC6066282,10.1016/j.cell.2018.02.052,ok,
gbm_tcga_pan_can_atlas_2018,29625050,PMC6070353,10.1016/j.cell.2018.03.035,ok,
gbm_tcga_pan_can_atlas_2018,29617662,PMC5916809,10.1016/j.celrep.2018.03.050,ok,
gbm_tcga_pan_can_atlas_2018,30643250,PMC12521747,,error;elink,Identifier not found in PMC
gbm_tcga_pan_can_atlas_2018,32214244,PMC7500457,10.1038/s41586-020-2095-1,ok,
gbm_tcga_pan_can_atlas_2018,29625049,PMC5916814,10.1016/j.cell.2018.03.033,ok,
gbm_tcga_pan_can_atlas_2018,29850653,PMC5972025,10.1200/PO.17.00073,ok,
gbm_tcga_pan_can_atlas_2018,36334560,PMC12390932,,error;elink,Identifier not found in PMC
gbm_mayo_pdx_sarkaria_2019,31852831,PMC7056576,10.1158/1078-0432.CCR-19-0909,ok,
gbm_columbia_2019,30742119,PMC6810613,10.1038/s41591-019-0349-y,ok,
gbm_cptac_2021,33577785,PMC8044053,10.1016/j.ccell.2021.01.006,ok,
msk_impact_2017,28481359,PMC5461196,10.1038/nm.4333,ok,
